<?xml version="1.0" encoding="UTF-8"?>
<!-- ====================================================================== -->
<!--                                                                        -->
<!-- Generated by Maven Help Plugin on 2013-06-28T02:10:44                  -->
<!-- See: http://maven.apache.org/plugins/maven-help-plugin/                -->
<!--                                                                        -->
<!-- ====================================================================== -->

<!-- ====================================================================== -->
<!--                                                                        -->
<!-- Effective POM for project                                              -->
<!-- 'com.packt.maven.dependency.withDependencyManagement:DependencyManagementOverridingSon:jar:1.0-SNAPSHOT' -->
<!--                                                                        -->
<!-- ====================================================================== -->

<project xmlns="http://maven.apache.org/POM/4.0.0" xmlns:xsi="http://www.w3.org/2001/XMLSchema-instance" xsi:schemaLocation="http://maven.apache.org/POM/4.0.0 http://maven.apache.org/xsd/maven-4.0.0.xsd">
  <modelVersion>4.0.0</modelVersion>
  <parent>
    <groupId>com.packt.maven.dependency.withDependencyManagement</groupId>
    <artifactId>ParentWithDependencyManagement</artifactId>
    <version>1.0-SNAPSHOT</version>
  </parent>
  <groupId>com.packt.maven.dependency.withDependencyManagement</groupId>
  <artifactId>DependencyManagementOverridingSon</artifactId>
  <version>1.0-SNAPSHOT</version>
  <name>Example of son POM whose parent has
        dependencyManagement tag</name>
  <dependencyManagement>
    <dependencies>
      <dependency>
        <groupId>com.google.gwt</groupId>
        <artifactId>gwt-servlet</artifactId>
        <version>2.5.0</version>
        <scope>provided</scope>
        <exclusions>
          <exclusion>
            <artifactId>json</artifactId>
            <groupId>org.json</groupId>
          </exclusion>
        </exclusions>
      </dependency>
    </dependencies>
  </dependencyManagement>
  <dependencies>
    <dependency>
      <groupId>com.google.gwt</groupId>
      <artifactId>gwt-servlet</artifactId>
      <version>2.1.0</version>
      <scope>compile</scope>
      <exclusions>
        <exclusion>
          <artifactId>json</artifactId>
          <groupId>org.json</groupId>
        </exclusion>
      </exclusions>
    </dependency>
  </dependencies>
  <repositories>
    <repository>
      <snapshots>
        <enabled>false</enabled>
      </snapshots>
      <id>central</id>
      <name>Central Repository</name>
      <url>http://repo.maven.apache.org/maven2</url>
    </repository>
  </repositories>
  <pluginRepositories>
    <pluginRepository>
      <releases>
        <updatePolicy>never</updatePolicy>
      </releases>
      <snapshots>
        <enabled>false</enabled>
      </snapshots>
      <id>central</id>
      <name>Central Repository</name>
      <url>http://repo.maven.apache.org/maven2</url>
    </pluginRepository>
  </pluginRepositories>
  <build>
    <sourceDirectory>/workarea/development/projects/WithDependencyManagement/DependencyManagementOverridingSon/src/main/java</sourceDirectory>
    <scriptSourceDirectory>/workarea/development/projects/WithDependencyManagement/DependencyManagementOverridingSon/src/main/scripts</scriptSourceDirectory>
    <testSourceDirectory>/workarea/development/projects/WithDependencyManagement/DependencyManagementOverridingSon/src/test/java</testSourceDirectory>
    <outputDirectory>/workarea/development/projects/WithDependencyManagement/DependencyManagementOverridingSon/target/classes</outputDirectory>
    <testOutputDirectory>/workarea/development/projects/WithDependencyManagement/DependencyManagementOverridingSon/target/test-classes</testOutputDirectory>
    <resources>
      <resource>
        <directory>/workarea/development/projects/WithDependencyManagement/DependencyManagementOverridingSon/src/main/resources</directory>
      </resource>
    </resources>
    <testResources>
      <testResource>
        <directory>/workarea/development/projects/WithDependencyManagement/DependencyManagementOverridingSon/src/test/resources</directory>
      </testResource>
    </testResources>
    <directory>/workarea/development/projects/WithDependencyManagement/DependencyManagementOverridingSon/target</directory>
    <finalName>DependencyManagementOverridingSon-1.0-SNAPSHOT</finalName>
    <pluginManagement>
      <plugins>
        <plugin>
          <artifactId>maven-antrun-plugin</artifactId>
          <version>1.3</version>
        </plugin>
        <plugin>
          <artifactId>maven-assembly-plugin</artifactId>
          <version>2.2-beta-5</version>
        </plugin>
        <plugin>
          <artifactId>maven-dependency-plugin</artifactId>
          <version>2.1</version>
        </plugin>
        <plugin>
          <artifactId>maven-release-plugin</artifactId>
          <version>2.0</version>
        </plugin>
      </plugins>
    </pluginManagement>
    <plugins>
      <plugin>
        <artifactId>maven-clean-plugin</artifactId>
        <version>2.4.1</version>
        <executions>
          <execution>
            <id>default-clean</id>
            <phase>clean</phase>
            <goals>
              <goal>clean</goal>
            </goals>
          </execution>
        </executions>
      </plugin>
      <plugin>
        <artifactId>maven-install-plugin</artifactId>
        <version>2.3.1</version>
        <executions>
          <execution>
            <id>default-install</id>
            <phase>install</phase>
            <goals>
              <goal>install</goal>
            </goals>
          </execution>
        </executions>
      </plugin>
      <plugin>
        <artifactId>maven-resources-plugin</artifactId>
        <version>2.5</version>
        <executions>
          <execution>
            <id>default-resources</id>
            <phase>process-resources</phase>
            <goals>
              <goal>resources</goal>
            </goals>
          </execution>
          <execution>
            <id>default-testResources</id>
            <phase>process-test-resources</phase>
            <goals>
              <goal>testResources</goal>
            </goals>
          </execution>
        </executions>
      </plugin>
      <plugin>
        <artifactId>maven-surefire-plugin</artifactId>
        <version>2.10</version>
        <executions>
          <execution>
            <id>default-test</id>
            <phase>test</phase>
            <goals>
              <goal>test</goal>
            </goals>
          </execution>
        </executions>
      </plugin>
      <plugin>
        <artifactId>maven-compiler-plugin</artifactId>
        <version>2.3.2</version>
        <executions>
          <execution>
            <id>default-testCompile</id>
            <phase>test-compile</phase>
            <goals>
              <goal>testCompile</goal>
            </goals>
          </execution>
          <execution>
            <id>default-compile</id>
            <phase>compile</phase>
            <goals>
              <goal>compile</goal>
            </goals>
          </execution>
        </executions>
      </plugin>
      <plugin>
        <artifactId>maven-jar-plugin</artifactId>
        <version>2.3.2</version>
        <executions>
          <execution>
            <id>default-jar</id>
            <phase>package</phase>
            <goals>
              <goal>jar</goal>
            </goals>
          </execution>
        </executions>
      </plugin>
      <plugin>
        <artifactId>maven-deploy-plugin</artifactId>
        <version>2.7</version>
        <executions>
          <execution>
            <id>default-deploy</id>
            <phase>deploy</phase>
            <goals>
              <goal>deploy</goal>
            </goals>
          </execution>
        </executions>
      </plugin>
      <plugin>
        <artifactId>maven-site-plugin</artifactId>
        <version>3.0</version>
        <executions>
          <execution>
            <id>default-site</id>
            <phase>site</phase>
            <goals>
              <goal>site</goal>
            </goals>
            <configuration>
              <outputDirectory>/workarea/development/projects/WithDependencyManagement/DependencyManagementOverridingSon/target/site</outputDirectory>
              <reportPlugins>
                <reportPlugin>
                  <groupId>org.apache.maven.plugins</groupId>
                  <artifactId>maven-project-info-reports-plugin</artifactId>
                </reportPlugin>
              </reportPlugins>
            </configuration>
          </execution>
          <execution>
            <id>default-deploy</id>
            <phase>site-deploy</phase>
            <goals>
              <goal>deploy</goal>
            </goals>
            <configuration>
              <outputDirectory>/workarea/development/projects/WithDependencyManagement/DependencyManagementOverridingSon/target/site</outputDirectory>
              <reportPlugins>
                <reportPlugin>
                  <groupId>org.apache.maven.plugins</groupId>
                  <artifactId>maven-project-info-reports-plugin</artifactId>
                </reportPlugin>
              </reportPlugins>
            </configuration>
          </execution>
        </executions>
        <configuration>
          <outputDirectory>/workarea/development/projects/WithDependencyManagement/DependencyManagementOverridingSon/target/site</outputDirectory>
          <reportPlugins>
            <reportPlugin>
              <groupId>org.apache.maven.plugins</groupId>
              <artifactId>maven-project-info-reports-plugin</artifactId>
            </reportPlugin>
          </reportPlugins>
        </configuration>
      </plugin>
    </plugins>
  </build>
  <reporting>
    <outputDirectory>/workarea/development/projects/WithDependencyManagement/DependencyManagementOverridingSon/target/site</outputDirectory>
  </reporting>
</project>