<?xml version="1.0" encoding="UTF-8"?>
<project xmlns="http://maven.apache.org/POM/4.0.0"
         xmlns:xsi="http://www.w3.org/2001/XMLSchema-instance"
         xsi:schemaLocation="http://maven.apache.org/POM/4.0.0 http://maven.apache.org/xsd/maven-4.0.0.xsd">
    <modelVersion>4.0.0</modelVersion>
    <groupId>com.test</groupId>
    <artifactId>monprojet</artifactId>
    <packaging>jar</packaging>
    <version>1.0-SNAPSHOT</version>

    <!--<parent>-->
        <!--<groupId>com.test</groupId>-->
        <!--<artifactId>monws</artifactId>-->
        <!--<version>1.0-SNAPSHOT</version>-->
    <!--</parent>-->
    <!--<dependencyManagement>-->
        <!--<dependencies>-->
            <!--<dependency>-->
                <!--<groupId>com.test</groupId>-->
                <!--<artifactId>monws</artifactId>-->
                <!--<version>1.0-SNAPSHOT</version>-->
                <!--<type>pom</type>-->
            <!--</dependency>-->
            <!--&lt;!&ndash; .... déclarations de toutes les autres dépendances  &ndash;&gt;-->
        <!--</dependencies>-->
    <!--</dependencyManagement>-->
    <dependencies>
        <dependency>
            <groupId>com.test</groupId>
            <artifactId>monws</artifactId>
            <type>pom</type>
            <version>1.0-SNAPSHOT</version>
        </dependency>
        <!-- .... déclarations de toutes les autres dépendances  -->
    </dependencies>
    <build>
        <plugins>
            <plugin>
                <groupId>org.apache.maven.plugins</groupId>
                <artifactId>maven-dependency-plugin
                </artifactId>
                <version>2.2</version>
                <executions>
                    <execution>
                        <id>copy-dependencies</id>
                        <phase>package</phase>
                        <goals>
                            <goal>copy-dependencies</goal>
                        </goals>
                        <configuration>
                            <outputDirectory>
                                ${project.build.directory}/lib
                            </outputDirectory>
                        </configuration>
                    </execution>
                </executions>
            </plugin>
        </plugins>
    </build>
</project>