<?xml version="1.0" encoding="UTF-8"?>
<beans xmlns="http://www.springframework.org/schema/beans"
       xmlns:xsi="http://www.w3.org/2001/XMLSchema-instance"
       xsi:schemaLocation="http://www.springframework.org/schema/beans http://www.springframework.org/schema/beans/spring-beans-3.2.xsd">
    <!-- Hibernate session factory -->
    <bean id="sessionFactory"
          class="org.springframework.orm.hibernate3.annotation.AnnotationSessionFactoryBean">

        <property name="dataSource" ref="dataSource"/>

        <property name="hibernateProperties">
            <props>
                <prop key="hibernate.dialect">org.hibernate.dialect.HSQLDialect</prop>
                <prop key="hibernate.show_sql">true</prop>
                <prop key="connection.pool_size">1</prop>
            </props>
        </property>
    </bean>
</beans>